alert,alt_baro,alt_geom,baro_rate,category,dbFlags,emergency,flight,gs,gva,hex,lat,lon,messages,mlat,nac_p,nac_v,nav_altitude_mcp,nav_heading,nav_qnh,nic,nic_baro,r,rc,rssi,sda,seen,seen_pos,sil,sil_type,spi,squawk,t,tisb,track,type,version
,ground,,,A2,1,none,C2702   ,9.2,,ae2126,38.677261,-121.396408,20112441,[],10,1,,,,8,,2702,186,-15.7,2,1.3,2.03,3,perhour,,1200,C27J,[],,adsb_icao,2
0,22000,,0,A0,1,,C2714   ,271,,ae4cf7,25.971577,-83.58683,18477886,"['gs', 'track', 'baro_rate', 'squawk', 'lat', 'lon', 'nic', 'rc']",,,,,,0,,2714,0,-19.2,,0.5,2.68,,,0,2173,C27J,[],272,mlat,0
0,25000,26400,64,A3,1,none,C2012   ,340.6,2,ae5deb,35.950432,-84.721245,6960357,[],10,1,,,,8,1,2012,186,-10.1,2,0.1,0.11,3,perhour,0,5710,C30J,[],93.53,adsb_icao,2
0,325,475,,A7,1,none,C6542   ,109,2,ae2683,38.799683,-76.87056,8052641,[],11,1,,,,10,1,6542,25,-12.8,2,0.2,0.17,3,perhour,0,5147,AS65,[],359.47,adsb_icao,2
0,100,175,,A7,1,none,C6533   ,65.4,2,ae267b,39.625637,-74.189209,6702495,[],11,1,,,,10,1,6533,25,-6.5,2,0.7,0.68,3,perhour,0,4440,AS65,[],209.31,adsb_icao,2
0,2500,2600,,A7,1,none,C6511   ,122.1,2,ae2665,38.766037,-76.774727,4984498,[],11,1,,,,10,1,6511,25,-9.6,2,0.1,0.29,3,perhour,0,5147,AS65,[],161.86,adsb_icao,2
,ground,,,A3,1,none,C2010   ,10.2,,ae57d4,57.750664,-152.496063,13669216,[],10,2,,,,10,,2010,25,-11.8,2,0.2,0.17,3,perhour,,1200,C30J,[],,adsb_icao,2
0,1275,1200,,A2,1,none,C2317   ,181.7,2,ae4bf1,25.741241,-80.038551,10788863,[],10,1,,,,8,1,2317,186,-9.2,3,0,0.23,3,perhour,0,4425,CN35,[],350.17,adsb_icao,2
0,225,225,,A7,1,none,C6582   ,73.4,2,ae26a8,25.801666,-80.17878,6843188,[],11,1,,,,10,1,6582,25,-7.4,2,2.6,2.63,3,perhour,0,4425,AS65,[],11,adsb_icao,2
0,-25,275,,A7,1,none,C6605   ,54.1,2,ae26bc,39.445724,-74.544624,5359803,[],11,1,,,,10,1,6605,25,-11.5,2,1.3,1.26,3,perhour,0,4432,AS65,[],115.14,adsb_icao,2
0,1475,1475,1088,A2,1,none,C2312   ,126.2,2,ae270a,30.340256,-89.436249,14211954,[],11,1,2496,357.89,1013.6,8,1,2312,186,-6.2,3,0.1,0.12,3,perhour,0,0363,CN35,[],56.31,adsb_icao,2
0,300,425,,A7,1,none,C6516   ,131.3,2,ae266a,31.811829,-81.187973,5535873,[],11,1,,,,10,1,6516,25,-14.4,2,0,0.11,3,perhour,0,1200,AS65,[],16.36,adsb_icao,2
0,-50,-50,,A7,1,,C6584   ,6.1,2,ae26aa,29.649166,-94.979073,7708445,[],11,1,,,,8,1,6584,186,-25.1,2,3.3,3.29,3,perhour,0,,AS65,[],170.54,adsb_icao,2
0,900,925,,A7,1,none,C6059   ,65.5,2,ae6ced,44.744843,-85.585197,3353663,[],11,1,,,,9,1,6059,75,-11.2,2,0.7,0.84,3,perhour,0,1200,H60,[],344.05,adsb_icao,2
0,825,800,,A7,1,none,C6527   ,53.8,2,ae2675,42.479801,-82.812958,8280880,[],11,1,,,,10,1,6527,25,-12.6,2,0.9,0.88,3,perhour,0,4421,AS65,[],18.43,adsb_icao,2
0,600,500,,A7,1,none,C6579   ,124.6,2,ae26a5,25.86676,-80.421684,6813877,[],11,1,,,,9,1,6579,75,-7.7,2,0.2,0.4,3,perhour,0,4423,AS65,[],17.27,adsb_icao,2
0,150,225,,A7,1,none,C6052   ,60.1,2,ae4e04,36.261429,-76.185493,3868302,[],11,1,,,,10,1,6052,25,-3.2,2,12.4,19.19,3,perhour,0,1200,H60,[],92.86,adsb_icao,2
0,350,350,-127,A7,1,none,C6553   ,89.2,,ae268b,27.763,-97.512993,5212213,[],,1,,,,0,,6553,0,-29.2,,1.3,11.33,,,0,4430,AS65,[],312.27,adsb_icao,2
0,ground,-25,,A7,1,none,C6525   ,5.2,,ae2673,30.219498,-81.890327,3530828,[],11,1,,,,8,,6525,186,-28.2,2,26.2,26.15,3,perhour,0,1200,AS65,[],,adsb_icao,2
,,,,A7,1,,,134.9,,ae2915,,,998223,[],,1,,,,,,6038,,-27.4,,35.6,,,,,,H60,[],346.27,mode_s,0
0,725,850,,A7,1,none,C6565   ,96.3,2,ae2697,32.02319,-81.073494,5019867,[],11,1,,,,9,1,6565,75,-7.1,2,0.2,0.21,3,perhour,0,1200,AS65,[],246.1,adsb_icao,2
0,ground,25,,A7,1,none,C6606   ,6.8,2,ae26bd,39.44965,-74.56337,8233272,[],11,1,,,,8,1,6606,186,-11.1,2,13,13.05,3,perhour,0,4433,AS65,[],315,adsb_icao,2
,1700,,-355,,1,,,219,,ae223f,27.868811,-97.615128,11769578,"['gs', 'track', 'baro_rate', 'squawk', 'lat', 'lon', 'nic', 'rc']",,,,,,0,,2308,0,-18.5,,0.5,5.93,,,,4632,CN35,[],143,mlat,
0,-25,0,,A7,1,none,C6041   ,41.2,2,ae2918,29.820236,-90.030159,5709112,[],11,1,,,,9,1,6041,75,-20.1,2,9.1,11.62,3,perhour,0,1200,H60,[],140.91,adsb_icao,2
0,4925,5175,,A7,1,none,C6029   ,154.4,2,ae290c,36.037537,-76.677933,2590214,[],10,1,,,,10,1,6029,25,-15.7,2,0.7,0.66,3,perhour,0,2675,H60,[],60.95,adsb_icao,2
0,9200,9800,,A3,1,none,C2008   ,215.8,2,ae57d2,36.514389,-76.684685,10534429,[],10,2,,137.11,1024,10,1,2008,25,-9.9,2,0.5,0.52,3,perhour,0,5316,C30J,[],136.69,adsb_icao,2
0,450,525,-128,A7,1,none,C6570   ,88.1,2,ae269c,29.581341,-95.114891,6617344,[],11,1,,,,10,1,6570,25,-8.3,2,0.6,0.59,3,perhour,0,1200,AS65,['baro_rate'],297.73,adsb_icao,2
0,1125,1200,,A7,1,,,112.6,2,ae26ab,30.432587,-88.214828,2552299,[],11,1,,,,8,1,6585,186,-27.2,2,7.3,7.26,3,perhour,0,,AS65,[],343.5,adsb_icao,2
0,425,550,,A7,1,none,C6595   ,89.9,2,ae26b5,30.225018,-81.895218,3613287,[],11,1,,,,10,1,6595,25,-8,2,0.2,0.41,3,perhour,0,1200,AS65,[],249.15,adsb_icao,2
0,275,250,,A7,1,none,C6063   ,58.1,2,af8434,46.160614,-123.893021,3188135,[],11,1,,,,10,1,6063,25,-3.3,2,1.1,2.63,3,perhour,0,1200,H60,[],92.96,adsb_icao,2
0,675,550,-256,A7,1,none,C6559   ,99,2,ae2691,37.618195,-122.409729,15565190,[],11,1,,,,10,1,6559,25,-10.4,2,0.1,0.07,3,perhour,0,0322,AS65,['baro_rate'],46.64,adsb_icao,2
0,1800,1725,-320,A7,1,none,C6531   ,36.9,2,ae2679,37.549988,-122.462494,15282174,[],11,1,,,,10,1,6531,25,-9.2,2,0.2,0.49,3,perhour,0,1200,AS65,['baro_rate'],12.53,adsb_icao,2
0,500,525,,A7,1,none,C6512   ,59.9,2,ae2666,30.681793,-88.24321,3321743,[],11,1,,,,10,1,6512,25,-21.1,2,0,0,3,perhour,0,0346,AS65,[],14.5,adsb_icao,2
0,150,175,,A7,1,none,C6056   ,72.1,2,ae6ceb,32.718475,-117.177872,14695834,[],11,1,,,,10,1,6056,25,-9.1,2,0,0.02,3,perhour,0,1200,H60,[],60.95,adsb_icao,2
0,1075,950,-64,A2,1,none,C2304   ,190.2,2,ae223b,25.827209,-80.099129,6691316,[],10,1,992,,1010.4,8,1,2304,186,-17.6,3,0.2,0.17,3,perhour,0,4426,CN35,[],8.77,adsb_icao,2
0,225,350,,A7,1,none,C6569   ,99.7,2,ae269b,48.188969,-123.361938,6838570,[],11,1,,,,9,1,6569,75,-4.8,2,0.1,0.1,3,perhour,0,1200,AS65,[],226.22,adsb_icao,2
0,275,375,,A7,1,none,C6561   ,68,2,ae2693,32.079254,-81.070587,4328275,[],11,1,,,,9,1,6561,75,-4.1,2,0,0.01,3,perhour,0,1200,AS65,[],88.32,adsb_icao,2
0,4875,4900,,A7,1,none,C6608   ,137.4,2,ae26bf,40.884781,-123.984024,5751218,[],11,1,,,,10,1,6608,25,-10.8,2,0.2,0.17,3,perhour,0,4422,AS65,[],265.83,adsb_icao,2
0,2000,1900,-576,A7,1,none,C6592   ,91.2,2,ae26b2,48.13171,-123.190399,7536377,[],11,1,,,,10,1,6592,25,-8.4,2,0.8,1.01,3,perhour,0,4536,AS65,['baro_rate'],273.77,adsb_icao,2
0,1275,1350,,A7,1,none,C6049   ,110.4,2,ae4e01,30.750137,-88.29319,3592816,[],11,1,,,,10,1,6049,25,-24,2,1,4.25,3,perhour,0,4504,H60,[],144.58,adsb_icao,2
0,6125,6275,,A7,1,none,C6547   ,111.4,2,ae2686,40.749687,-122.939011,6046917,[],11,1,,,,9,1,6547,75,-6.2,2,2.2,2.25,3,perhour,0,4420,AS65,[],306.97,adsb_icao,2
0,1200,1025,,A7,1,none,C6588   ,87,2,ae26ae,42.712284,-82.591637,7809377,[],11,1,,,,10,1,6588,25,-2.5,2,0.6,1.17,3,perhour,0,4422,AS65,[],210.4,adsb_icao,2
0,5550,,-921,A0,1,,C2707   ,198,,ae4adf,36.259235,-76.333153,9817449,"['gs', 'track', 'baro_rate', 'squawk', 'lat', 'lon', 'nic', 'rc']",,,,,,0,,2707,0,-11,,0.3,1.46,,,0,0226,C27J,[],249,mlat,0
0,550,550,,A7,1,none,C6039   ,121.3,2,ae2916,27.906485,-82.749336,4553111,[],11,1,,,,9,1,6039,75,-3.7,2,0.1,0.33,3,perhour,0,0150,H60,[],86.22,adsb_icao,2
0,1550,1575,384,A7,1,,C6517   ,87.8,,ae266b,43.534927,-123.832588,1106689,[],0,0,,,,0,,6517,0,-13.5,,0.4,0.4,0,perhour,0,,AS65,"['callsign', 'altitude', 'alt_geom', 'gs', 'track', 'baro_rate', 'lat', 'lon', 'nic', 'rc', 'nac_p', 'nac_v', 'sil', 'sil_type']",194.51,tisb_icao,
,ground,,,A7,1,none,C6575   ,6.2,,ae26a1,38.845608,-77.045937,6112546,[],11,1,,,,8,,6575,186,-15.7,2,1,1.01,3,perhour,,5145,AS65,[],,adsb_icao,2
0,500,350,,A7,1,none,C6572   ,74.5,2,ae269e,30.660049,-88.21489,3152593,[],10,1,,,,9,1,6572,75,-24,2,0.1,0.76,3,perhour,0,1200,AS65,[],165.22,adsb_icao,2
0,1575,,-68,,1,,C2303   ,90,,ae223a,25.908684,-80.386047,10659868,"['callsign', 'gs', 'track', 'baro_rate', 'squawk', 'lat', 'lon', 'nic', 'rc']",,,,,,0,,2303,0,-7.9,,0,0.85,,,0,4427,CN35,[],102,mlat,
,25,250,-446,A7,1,,C6563   ,34,,ae2695,27.78021,-97.511848,5262374,[],,,,,,0,,6563,0,-49.5,,0.1,0.11,,,,,AS65,[],66,other,2
0,-25,25,,A7,1,none,C6506   ,21.2,2,ae2660,39.30423,-74.558121,5125705,[],11,1,,,,10,1,6506,25,-18.3,2,0.2,0.51,3,perhour,0,4446,AS65,[],199.29,adsb_icao,2
0,1250,1475,,A3,1,none,C2016   ,159.9,2,ae5def,36.225403,-76.193733,17213085,[],10,2,,102.66,1024.8,10,1,2016,25,-4.5,2,2.7,55.94,3,perhour,0,1200,C30J,[],285.6,adsb_icao,2
0,275,400,,A7,1,none,C6530   ,112.2,2,ae2678,32.035538,-81.134583,4477076,[],11,1,,,,10,1,6530,25,-9.2,2,0.7,1.05,3,perhour,0,1200,AS65,[],248.01,adsb_icao,2
0,125,,0,,1,,C6562   ,129,,ae2694,32.650436,-117.225494,14957066,"['callsign', 'gs', 'track', 'baro_rate', 'lat', 'lon', 'nic', 'rc']",,,,,,0,,6562,0,-7.2,,0.8,0.84,,,0,1200,AS65,[],10,mlat,
0,3975,,0,,1,,,173,,ae223d,27.714733,-97.575211,9073188,"['gs', 'track', 'baro_rate', 'squawk', 'lat', 'lon', 'nic', 'rc']",,,,,,0,,2306,0,-13.9,,0,1.71,,,0,0166,CN35,[],319,mlat,
0,5925,6050,,A7,1,none,C6603   ,134.2,2,ae26ba,42.771286,-122.452614,5652228,[],11,1,,,,10,1,6603,25,-18.4,2,3,3,3,perhour,0,4421,AS65,[],63.43,adsb_icao,2
,,,-640,A2,1,,C2706   ,139.2,,ae2731,,,20335527,[],10,1,3040,305.16,1016.8,,1,2706,,-17.8,,21.7,,3,perhour,,,C27J,[],17.13,mode_s,0
0,350,475,-640,A7,1,none,C6507   ,76.8,2,ae2661,21.307297,-158.071335,5440248,[],11,1,,,,10,1,6507,25,-5.9,2,0.7,0.67,3,perhour,0,1200,AS65,['baro_rate'],55.07,adsb_icao,2
0,975,925,-640,A3,1,none,C101    ,120.8,2,ae10c1,45.617752,-122.654915,13986958,[],10,1,2496,,1013.6,8,1,01,186,-6.2,2,0.3,0.31,3,perhour,0,1344,GLF5,['baro_rate'],118.69,adsb_icao,2
0,875,1125,,A7,1,none,C6023   ,76.1,2,ae2907,41.552261,-70.545959,8681311,[],11,1,,,,10,1,6023,25,-16.8,2,0.7,0.67,3,perhour,0,1200,H60,[],87.74,adsb_icao,2
0,2425,,151,,1,,C102    ,264,,ae109a,33.069935,-96.128204,9552136,"['callsign', 'gs', 'track', 'baro_rate', 'lat', 'lon', 'nic', 'rc']",,,,,,0,,02,0,-8.1,,0.3,1.99,,,0,1200,GLF5,[],191,mlat,
0,1600,1575,-128,A2,1,none,C2316   ,112.1,2,ae4bf0,25.907995,-80.384109,10827199,[],10,1,1600,87.19,1012.8,8,1,2316,186,-12.4,3,0.5,0.61,3,perhour,0,4423,CN35,['geom_rate'],87.44,adsb_icao,2
0,1325,1575,576,A2,1,none,C2302   ,143.8,2,ae2238,41.631664,-70.515747,13957028,[],10,1,1600,25.31,1025.6,8,1,2302,186,-11.6,3,0.4,0.75,3,perhour,0,4420,CN35,['geom_rate'],78.77,adsb_icao,2
1,ground,,0,A7,1,,C6573   ,6.2,,ae269f,25.907368,-80.276886,7057618,[],10,1,,,,9,,6573,75,-23.9,2,2,5.23,3,perhour,0,4424,AS65,[],211,adsb_icao,2
0,13925,14600,64,A2,1,none,C2310   ,204.6,2,ae2708,30.476912,-91.337532,12784228,[],10,1,14016,258.05,1016,8,1,2310,186,-10.4,3,0.1,0.07,3,perhour,0,5231,CN35,[],257.87,adsb_icao,2
0,1050,975,,A7,1,none,C6597   ,135.3,2,ae26b7,30.121161,-81.674065,3516630,[],11,1,,,,10,1,6597,25,-3.1,2,0,0.03,3,perhour,0,1200,AS65,[],278.07,adsb_icao,2
,ground,,,A7,1,none,C6520   ,91,,ae266e,30.132252,-81.847694,3872798,[],11,1,,,,10,,6520,25,-8.8,2,1.3,1.26,3,perhour,,1200,AS65,[],,adsb_icao,2
0,1250,1500,,A3,1,none,C2017   ,160.6,2,ae5df0,36.215195,-76.133766,11834078,[],10,2,,331.88,1024.8,10,1,2017,25,-5.6,2,0,0.03,3,perhour,0,1200,C30J,[],245.35,adsb_icao,2
0,500,450,-128,A3,1,none,C2013   ,183.5,2,ae5dec,28.223694,-82.835327,15264506,[],10,1,,,,8,1,2013,186,-21.1,2,0.2,0.2,3,perhour,0,1200,C30J,[],121.18,adsb_icao,2
0,25,-25,,A7,1,none,C6587   ,11.2,2,ae26ad,48.179214,-123.539291,5964894,[],11,1,,,,10,1,6587,25,-3.2,2,1.4,1.38,3,perhour,0,1200,AS65,[],296.57,adsb_icao,2
0,1025,900,,A7,1,none,C6040   ,75.5,2,ae2917,32.557297,-117.092392,7514342,[],11,1,,,,10,1,6040,25,-5.5,2,0,0.03,3,perhour,0,1200,H60,[],348.54,adsb_icao,2
0,2025,1975,,A7,1,,C6046   ,128.5,,ae4dfe,45.986206,-123.907829,2292368,[],,1,,,,10,,6046,25,-33.1,,17.4,50.61,,,0,,H60,[],191.22,adsb_icao,2
0,800,900,,A7,1,none,C6060   ,113,2,ae6cee,36.306381,-76.213821,2657376,[],11,1,,,,10,1,6060,25,-4,2,0,0,3,perhour,0,1200,H60,[],179.49,adsb_icao,2
0,1450,1500,0,A2,1,none,C2315   ,120.9,2,ae4bef,30.776871,-88.323402,12356025,[],11,1,1504,144.14,1017.6,8,1,2315,186,-18.8,3,0.4,2.26,3,perhour,0,4544,CN35,[],119.74,adsb_icao,2
0,4900,5025,-192,A2,1,none,C2314   ,200.4,2,ae4bee,36.281509,-76.71981,10919519,[],10,1,2208,92.11,1017.6,8,1,2314,186,-12.1,3,0.3,0.31,3,perhour,0,0674,CN35,[],96.88,adsb_icao,2
0,225,225,,A7,1,none,C6025   ,62.8,2,ae2909,27.962128,-82.850281,4169793,[],11,1,,,,10,1,6025,25,-8.6,2,0.3,0.25,3,perhour,0,1200,H60,[],202.48,adsb_icao,2
0,725,825,,A7,1,none,C6518   ,116.1,2,ae266c,30.161179,-81.873238,4151511,[],11,1,,,,10,1,6518,25,-7.5,2,0,0,3,perhour,0,1200,AS65,[],358.03,adsb_icao,2
0,475,475,-128,A7,1,none,C6539   ,74.6,2,ae2681,32.690796,-117.152596,1333946,[],11,1,,,,10,1,6539,25,-2.9,2,0.6,0.94,3,perhour,0,1200,AS65,['baro_rate'],324.82,adsb_icao,2
0,1925,2000,,A7,1,none,C6053   ,134,2,ae6ce7,30.78891,-88.392494,3928938,[],11,1,,,,10,1,6053,25,-15.7,2,0.9,1.57,3,perhour,0,4574,H60,[],32.5,adsb_icao,2
0,375,425,,A7,1,none,C6503   ,49.1,2,ae265d,30.215561,-81.870117,1506247,[],11,1,,,,10,1,6503,25,-2.6,2,0.6,0.6,3,perhour,0,1200,AS65,[],93.5,adsb_icao,2
0,375,275,0,A7,1,none,C6026   ,122,2,ae290a,32.745667,-117.259995,5582603,[],10,1,,,,9,1,6026,75,-4.6,2,0.1,0.82,3,perhour,0,1200,H60,['baro_rate'],181.41,adsb_icao,2
0,ground,50,,A3,1,none,C2003   ,45.5,2,ae10e9,57.743259,-152.49025,2916214,[],10,2,,75.94,1008.8,10,1,2003,25,-12.6,2,17,23.94,3,perhour,0,1200,C30J,[],202,adsb_icao,2
0,3325,3675,,A7,1,none,C6033   ,137,2,ae2910,29.98304,-81.725975,1141132,[],10,1,,,,9,1,6033,75,-10.4,2,0.1,0.35,3,perhour,0,7465,H60,[],331.19,adsb_icao,2
0,375,400,,A7,1,none,C6604   ,71.3,2,ae26bb,38.919891,-77.043419,6561687,[],10,1,,,,9,1,6604,75,-6.3,2,0.4,0.39,3,perhour,0,5147,AS65,[],22.25,adsb_icao,2
0,50,50,,A7,1,none,C6006   ,56.7,2,ae27f7,27.839449,-82.53067,3240781,[],11,1,,,,10,1,6006,25,-16.4,2,0.1,0.26,3,perhour,0,4550,H60,[],40.71,adsb_icao,2
0,-75,175,-384,A3,1,none,C2009   ,126.2,2,ae57d3,21.308258,-158.066849,9100817,[],9,1,,,,8,1,2009,186,-4.5,2,1.2,2.59,3,perhour,0,1200,C30J,['geom_rate'],234.67,adsb_icao,2
0,175,300,192,A7,1,none,C6591   ,98.2,2,ae26b1,21.277679,-158.061646,4558263,[],11,1,,,,9,1,6591,75,-8.8,2,0.7,0.71,3,perhour,0,1200,AS65,['baro_rate'],321.61,adsb_icao,2
0,975,925,,A7,1,none,C6578   ,132,2,ae26a4,42.619034,-82.82618,7990692,[],10,1,,,,9,1,6578,75,-17.2,2,0.7,0.72,3,perhour,0,4426,AS65,[],0.43,adsb_icao,2
0,1625,1800,,A7,1,none,C6577   ,140.4,2,ae26a3,30.786764,-88.410774,2381659,[],11,1,,,,9,1,6577,75,-24.3,2,0.1,0.15,3,perhour,0,0367,AS65,[],4.09,adsb_icao,2
0,1900,1950,-64,A2,1,none,C2318   ,172.8,2,ae4bf2,30.7966,-88.435204,10984504,[],11,1,2016,144.14,1016.8,8,1,2318,186,-22.5,3,0,0.01,3,perhour,0,0314,CN35,[],41.72,adsb_icao,2
0,50,125,-512,A2,1,none,C2309   ,105.3,2,ae2707,41.669495,-70.509254,12775716,[],10,1,704,,1020.8,8,1,2309,186,-10.2,3,5,7.32,3,perhour,0,4421,CN35,[],218.83,adsb_icao,2
0,500,525,,A7,1,none,C6586   ,102.4,2,ae26ac,30.689564,-88.25312,1983630,[],11,1,,,,10,1,6586,25,-25.5,2,0.7,0.75,3,perhour,0,0343,AS65,[],14.72,adsb_icao,2
0,500,425,0,A7,1,,C6590   ,107.7,2,ae26b0,43.878044,-124.161789,1224369,[],11,1,,,,9,1,6590,75,-15.4,2,1.5,6.66,3,perhour,0,1200,AS65,[],190.16,adsb_icao,2
0,475,500,,A7,1,none,C6036   ,93.1,2,ae2913,27.905413,-82.715485,5224984,[],11,1,,,,10,1,6036,25,-4.8,2,0.6,0.65,3,perhour,0,0154,H60,[],87.54,adsb_icao,2
0,1175,1225,0,A7,1,none,C6560   ,154.4,2,ae2692,42.387302,-82.804085,9910879,[],11,1,,,,10,1,6560,25,-14.2,2,0.2,0.19,3,perhour,0,4427,AS65,['baro_rate'],355.91,adsb_icao,2
0,1525,1450,-256,A2,1,none,C2307   ,178.2,,ae223e,25.733047,-80.791626,10615775,[],,1,1504,54.14,1012.8,0,1,2307,0,-24.8,,1.1,2.91,,,0,1277,CN35,[],45,other,2
0,7025,7325,-1344,A2,1,none,C2705   ,269.5,2,ae2730,31.492355,-92.008194,6551771,[],10,1,3008,0,1016.8,8,1,2705,186,-17.3,2,0.1,2.38,3,perhour,0,1174,C27J,[],250.49,adsb_icao,2
0,19000,19050,,A3,1,none,C2006   ,317.8,2,ae10ec,59.32729,-151.238083,2535892,[],10,2,19008,185.62,1012.8,10,1,2006,25,-14.8,2,0.2,0.67,3,perhour,0,5147,C30J,[],200.83,adsb_icao,2
0,500,350,,A7,1,none,C6045   ,108.3,2,ae4a4c,58.340515,-134.598907,76980,[],11,1,,,,8,1,6045,186,-11.9,2,0.3,0.31,3,perhour,0,1200,H60,[],241.31,adsb_icao,2
0,0,0,0,A7,1,none,C6030   ,101.5,2,ae290d,36.260796,-76.180016,4150494,[],11,1,,,,10,1,6030,25,-5.8,2,19.8,19.77,3,perhour,0,4655,H60,[],95.65,adsb_icao,2
0,4075,4000,-62,A7,1,none,C6055   ,123,2,ae6ce9,34.293686,-119.113823,15081332,[],11,1,,,,10,1,6055,25,-10.1,2,0.2,0.32,3,perhour,0,4716,H60,[],79.7,adsb_icao,2
0,475,400,,A7,1,none,C6534   ,103.2,2,ae267c,29.421341,-94.883156,8320597,[],11,1,,,,10,1,6534,25,-16.3,2,0.1,0.46,3,perhour,0,1200,AS65,[],338.4,adsb_icao,2
0,475,425,,A7,1,none,C6598   ,107,2,ae26b8,30.290314,-87.702347,2592372,[],11,1,,,,10,1,6598,25,-14.7,2,0.1,0.13,3,perhour,0,7263,AS65,[],90,adsb_icao,2
0,400,275,,A7,1,none,C6034   ,77.5,2,ae2911,57.722534,-152.53006,312788,[],11,1,,,,9,1,6034,75,-19.1,2,0.4,2.03,3,perhour,0,5553,H60,[],6.67,adsb_icao,2
0,325,,-543,,1,,C2311   ,108,,ae2709,25.911488,-80.311111,11111298,"['callsign', 'gs', 'track', 'baro_rate', 'squawk', 'lat', 'lon', 'nic', 'rc']",,,,,,0,,2311,0,-11.5,,2.1,15.24,,,0,3452,CN35,[],87,mlat,
0,10600,11125,-1088,A2,1,none,C2709   ,282.8,2,ae4ae1,31.568935,-91.893547,23208194,[],10,1,4000,22.5,1017.6,8,1,2709,186,-16.4,2,1.2,1.2,3,perhour,0,3546,C27J,[],247.33,adsb_icao,2
0,225,200,,A7,1,none,C6502   ,50.9,2,ae265c,39.445175,-74.560028,5909685,[],11,1,,,,9,1,6502,75,-3.5,2,0.2,0.65,3,perhour,0,0141,AS65,[],315,adsb_icao,2
0,3850,4100,,A7,1,none,C6011   ,122.4,2,ae27fc,36.447422,-76.149223,6504190,[],11,1,,,,10,1,6011,25,-13,2,0.6,0.67,3,perhour,0,5375,H60,[],168.69,adsb_icao,2
0,75,-25,,A7,1,none,C6567   ,12,2,ae2699,37.632084,-122.390617,16132422,[],11,1,,,,9,1,6567,75,-7,2,0.6,1.25,3,perhour,0,0320,AS65,[],90,adsb_icao,2
0,13375,14075,-704,A3,1,none,OMNI17  ,286.5,2,ae10eb,10.283063,-86.427315,2485218,[],9,2,,72.42,1008.8,9,1,2005,75,-27,2,2.1,2.05,3,perhour,0,1611,C30J,[],71.06,adsb_icao,2
,,-25,-576,A3,1,,C2015   ,104,2,ae5dee,,,16816457,[],10,2,,,,,1,2015,,-6.5,2,59.6,,3,perhour,,,C30J,[],91.65,adsb_icao,2
,875,900,,A7,1,,C6051   ,81.1,,ae4e03,36.242203,-76.208725,3519206,[],,1,,,,0,,6051,0,-49.5,,11,48.95,,,,1200,H60,[],87.88,other,2
,ground,,,,1,,,85,,ae2696,,,1499521,[],0,,,,,,,6564,,-26.7,,8.4,,2,perhour,,,AS65,[],,mode_s,0
0,550,775,62,A7,1,none,C6031   ,142.6,2,ae290e,41.479431,-70.683914,8517564,[],11,1,,,,10,1,6031,25,-23,2,0.3,0.26,3,perhour,0,1200,H60,[],52.41,adsb_icao,2
0,14900,15350,-64,A2,1,none,C2713   ,229,2,ae4ae5,38.103882,-119.172501,34580899,[],10,1,15008,356.48,1017.6,8,1,2713,186,-18.9,2,0.1,1.52,3,perhour,0,4564,C27J,[],109.38,adsb_icao,2
0,3475,3550,0,A7,1,none,C6545   ,144.2,2,ae2685,40.532101,-74.816208,5517280,[],9,1,,,,9,1,6545,75,-7.8,2,0,0.23,3,perhour,0,0223,AS65,['baro_rate'],50.35,adsb_icao,2
0,10675,11100,-1024,A2,1,none,C2711   ,301.4,2,ae4ae3,27.516096,-82.244972,18781703,[],10,1,4000,357.19,1014.4,8,1,2711,186,-16.7,2,0,0.35,3,perhour,0,4640,C27J,[],287.77,adsb_icao,2
0,2700,2275,-960,A2,1,none,C2301   ,196.9,2,ae2237,36.318054,-76.07431,5480932,[],10,1,2016,272.81,1000.8,8,1,2301,186,-9.3,3,0.1,0.31,3,perhour,0,2012,CN35,[],95.54,adsb_icao,2
0,400,350,-256,A7,1,none,C6551   ,86.8,2,ae2689,25.892624,-80.300629,2913902,[],11,1,,,,9,1,6551,75,-14,2,0.1,1.06,3,perhour,0,4426,AS65,['baro_rate'],334.03,adsb_icao,2
0,100,100,-384,A2,1,none,C2305   ,115.4,2,ae223c,29.634293,-95.657639,6953941,[],11,1,2016,,1017.6,8,1,2305,186,-4.8,3,1.1,1.29,3,perhour,0,4500,CN35,[],175.03,adsb_icao,2
0,425,525,,A7,1,none,C6532   ,92.5,2,ae267a,43.917709,-124.152916,465385,[],11,1,,,,10,1,6532,25,-9.9,2,4.5,10.15,3,perhour,0,1200,AS65,[],186.2,adsb_icao,2
0,1450,1625,,A3,1,none,C2011   ,183.6,2,ae57d5,21.112335,-158.170517,3904230,[],9,2,,105.47,1015.2,9,1,2011,75,-24,2,0.2,0.55,3,perhour,0,1200,C30J,[],325.88,adsb_icao,2
0,ground,75,-128,A3,1,none,C2007   ,7.2,2,ae57d1,21.304377,-158.072479,5389374,[],9,2,,51.33,1016.8,9,1,2007,75,-9.6,2,0.1,0.14,3,perhour,0,1200,C30J,['baro_rate'],55.34,adsb_icao,2
0,200,400,,A7,1,none,C6607   ,58.3,2,ae26be,38.755096,-77.006699,7214208,[],11,1,,,,10,1,6607,25,-21.3,2,0,0,3,perhour,0,5145,AS65,[],191.89,adsb_icao,2
0,650,700,,A7,1,none,C6047   ,82.2,2,ae4dff,44.739681,-85.557709,3569263,[],11,1,,,,10,1,6047,25,-17.7,2,1.2,2.88,3,perhour,0,4271,H60,[],274.18,adsb_icao,2
0,350,,0,A7,1,,C6524   ,135,,ae2672,21.047012,-157.339294,1380713,[],,,,,,0,,6524,0,-49.5,,1.9,5.55,,,0,1277,AS65,[],284,adsb_icao,2
0,0,50,0,A7,1,,C6574   ,62,,ae26a0,36.261154,-76.17868,972653,[],10,1,,,,10,,6574,25,-10.7,,1.8,22.09,2,perhour,0,1200,AS65,[],91.85,adsb_icao,0
0,3225,3375,-128,A3,1,none,C2001   ,160.8,2,ae10e7,36.147263,-75.92485,9657944,[],10,1,,,,8,1,2001,186,-5.5,2,1.6,2.26,3,perhour,0,1200,C30J,[],291.14,adsb_icao,2
0,3175,2950,,A7,1,,C6593   ,104.7,,ae26b3,43.272125,-123.439255,1192930,[],,1,,,,10,,6593,25,-15.6,,34.3,39.59,,,0,,AS65,[],162.78,adsb_icao,2
0,ground,50,,A7,1,none,C6032   ,5.8,2,ae290f,58.355953,-134.567673,56459,[],11,1,,,,10,1,6032,25,-5.1,2,0.8,0.78,3,perhour,0,1277,H60,[],15.95,adsb_icao,2
0,1000,700,,A7,1,none,C6027   ,126.8,2,ae20c1,60.378113,-146.0495,393113,[],11,1,,,,9,1,6027,75,-15.2,2,0.8,0.81,3,perhour,0,5560,H60,[],60.2,adsb_icao,2
0,1575,1525,,A7,1,none,C6528   ,123,2,ae2676,36.265778,-76.288773,1592468,[],11,1,,,,10,1,6528,25,-3,2,3.9,9.4,3,perhour,0,4714,AS65,[],100.3,adsb_icao,2
0,500,600,,A7,1,none,C6002   ,121.7,2,ae27f3,55.584,-133.228531,128923,[],11,1,,,,10,1,6002,25,-17.4,2,0.1,0.14,3,perhour,0,1277,H60,[],279.46,adsb_icao,2
0,250,350,,A7,1,none,C6035   ,102.5,2,ae2912,57.73106,-152.477417,11621649,[],11,1,,,,10,1,6035,25,-11.2,2,0.9,2.3,3,perhour,0,5565,H60,[],241.43,adsb_icao,2
0,1275,1150,-256,A2,1,none,C2701   ,175.6,2,ae2125,38.414951,-123.645386,3378459,[],10,1,512,348.05,1011.2,8,1,2701,186,-17.5,2,0,0.92,3,perhour,0,4562,C27J,[],239.93,adsb_icao,2
0,625,475,,A7,1,none,C6554   ,120.4,2,ae268c,30.182842,-81.948891,4205924,[],11,1,,,,10,1,6554,25,-5.6,2,0.1,0.12,3,perhour,0,1200,AS65,[],56.18,adsb_icao,2
0,275,325,,A7,1,none,C6037   ,98.3,2,ae2914,29.839691,-90.029053,5926827,[],11,1,,,,8,1,6037,186,-18.9,2,0.1,1.14,3,perhour,0,1200,H60,[],224.59,adsb_icao,2
,ground,100,,A7,1,none,C6538   ,17.5,,ae2680,21.309427,-158.068192,4920913,[],11,1,,,,10,,6538,25,-32.8,2,42.7,42.67,3,perhour,,1200,AS65,[],,adsb_icao,2
,ground,,,,1,,,31.5,,ae10ea,,,1251294,[],8,,,,,,,2004,,-6.6,,11.6,,2,perhour,,,C30J,[],,mode_s,0
0,675,700,,A7,1,none,C6042   ,125.2,2,ae2919,26.245872,-79.671371,1993614,[],11,1,,,,10,1,6042,25,-14.2,2,1.2,1.23,3,perhour,0,1200,H60,[],121.28,adsb_icao,2
0,200,300,,A7,1,none,C6510   ,55,2,ae2664,39.450089,-74.553345,5606432,[],11,1,,,,10,1,6510,25,-5.9,2,0.3,0.28,3,perhour,0,4445,AS65,[],70.91,adsb_icao,2
0,100,250,,A7,1,none,C6537   ,55.3,2,ae267f,25.233719,-79.86216,367083,[],11,1,,,,10,1,6537,25,-28.4,2,0.9,0.87,3,perhour,0,4424,AS65,[],186.23,adsb_icao,2
0,350,200,,A7,1,none,C6054   ,134.9,2,ae6ce8,17.965942,-65.921295,2424136,[],11,1,,,,10,1,6054,25,-26.7,2,2.3,5.35,3,perhour,0,4421,H60,[],254.52,adsb_icao,2
0,2475,2675,-64,A3,1,none,C2002   ,212.2,2,ae10e8,19.957457,-156.241318,7723054,[],9,2,,301.64,1014.4,9,1,2002,75,-3.9,2,0.3,0.56,3,perhour,0,1200,C30J,['baro_rate'],313.47,adsb_icao,2
0,1050,1250,704,A7,1,none,C6043   ,110.5,2,ae291a,57.672409,-152.315308,310859,[],11,1,,,,10,1,6043,25,-3.5,2,1.7,1.73,3,perhour,0,5556,H60,['baro_rate'],297.49,adsb_icao,2
0,625,850,0,A3,1,none,C2014   ,152.1,2,ae5ded,57.767303,-152.47641,4461130,[],10,2,8000,35.16,1020,10,1,2014,25,-18.7,2,0.7,0.67,3,perhour,0,1200,C30J,[],112.01,adsb_icao,2
0,775,775,,A7,1,none,C6568   ,108,2,ae269a,25.890152,-80.277458,7285116,[],11,1,,,,10,1,6568,25,-10.5,2,1,1.09,3,perhour,0,4424,AS65,[],268.41,adsb_icao,2
0,1150,525,,A7,1,none,C6048   ,101.7,2,ae4e00,57.716675,-152.504654,334656,[],11,1,,,,9,1,6048,75,-11.2,2,0.9,0.87,3,perhour,0,5557,H60,[],230.99,adsb_icao,2
0,1925,1975,,A7,1,none,C6557   ,136.1,2,ae268f,36.272598,-76.456657,3291177,[],11,1,,,,10,1,6557,25,-14.5,2,0.1,0.14,3,perhour,0,2013,AS65,[],92.11,adsb_icao,2
0,175,100,0,A7,1,none,BRACE01 ,138.7,2,ae2669,32.653557,-117.307693,6041202,[],10,4,,,,8,1,6515,186,-6,2,0.2,2.57,3,perhour,0,1200,AS65,['geom_rate'],123.23,adsb_icao,2
0,2725,2950,,A7,1,none,C6540   ,94.5,2,ae2682,32.593967,-80.312637,5048540,[],11,1,,,,9,1,6540,75,-16.1,2,0,1.27,3,perhour,0,3421,AS65,[],29.82,adsb_icao,2
0,75,125,,A7,1,,C6529   ,44.1,2,ae2677,30.212496,-81.889397,2276238,[],11,1,,,,10,1,6529,25,-21.4,2,0.1,0.76,3,perhour,0,,AS65,[],267.4,adsb_icao,2
0,150,100,,A7,1,none,C6552   ,25,2,ae268a,30.207561,-81.873909,459610,[],11,1,,,,10,1,6552,25,-10.6,2,0.3,0.34,3,perhour,0,1200,AS65,[],0,adsb_icao,2
,ground,,,,1,,,49.5,,ae26b6,,,1226855,[],8,,,,,,,6596,,-23.5,,40.7,,2,perhour,,,AS65,[],,mode_s,0
0,1100,1025,,A7,1,none,C6514   ,89.1,2,ae2668,44.631638,-124.062393,1068327,[],11,1,,,,9,1,6514,75,-3.2,2,2.6,2.64,3,perhour,0,1200,AS65,[],177.43,adsb_icao,2
0,1800,1750,,A7,1,none,C6548   ,75.7,2,ae2687,25.193605,-79.763542,492427,[],11,1,,,,10,1,6548,25,-16,2,0.4,1.01,3,perhour,0,1200,AS65,[],136.61,adsb_icao,2
0,250,275,62,A7,1,,C6566   ,86,,ae2698,27.79587,-97.382294,5779584,[],,,,,,0,,6566,0,-49.5,,2.1,2.05,,,0,,AS65,[],199,other,2
0,600,600,,A7,1,,C6543   ,63.4,2,ae2684,42.618015,-82.840233,7505436,[],11,1,,,,10,1,6543,25,-25.6,2,33.8,51.24,3,perhour,0,,AS65,[],353.66,adsb_icao,2
0,375,375,,A7,1,none,C6504   ,44.1,2,ae265e,29.986221,-81.632507,657176,[],11,1,,,,10,1,6504,25,-7.8,2,0.1,0.06,3,perhour,0,1200,AS65,[],32.97,adsb_icao,2
0,375,275,-576,A2,1,none,C2313   ,109,2,ae4be8,41.644501,-70.498329,8407841,[],10,1,1504,307.27,1014.4,8,1,2313,186,-9.8,3,0.5,2.5,3,perhour,0,4422,CN35,[],307.92,adsb_icao,2
0,800,850,,A7,1,none,C6521   ,121.5,2,ae266f,30.673004,-88.257271,1221374,[],11,1,,,,10,1,6521,25,-19,2,0.7,0.82,3,perhour,0,0357,AS65,[],5.19,adsb_icao,2
0,75,175,,A7,1,none,C6061   ,42.5,2,ae6cef,41.666702,-70.512062,1391460,[],11,1,,,,10,1,6061,25,-7.1,2,1.1,1.07,3,perhour,0,1200,H60,[],221.19,adsb_icao,2
0,500,725,,A7,1,none,C6519   ,69.7,2,ae266d,36.256603,-76.22747,1679597,[],11,1,,,,8,1,6519,186,-29.6,2,8.6,19.19,3,perhour,0,1200,AS65,[],39.17,adsb_icao,2
